ORDER_REF,ORDER_DATE,SUPPLIER_NAME,SUPP_CONTACT_NAME,SUPP_ADDRESS,SUPP_CONTACT_NUMBER,SUPP_EMAIL,ORDER_TOTAL_AMOUNT,ORDER_DESCRIPTION,ORDER_STATUS,ORDER_LINE_AMOUNT,INVOICE_REFERENCE,INVOICE_DATE,INVOICE_STATUS,INVOICE_HOLD_REASON,INVOICE_AMOUNT,INVOICE_DESCRIPTION
PO001,03-JAN-2022,PEGASUS LTD,Georges Neeroo,"40, Ferney Way, Mission Road, Curepipe, Mauritius","461 5841, 5741254S",geonee@pegasus.mu,"10,000",Vehicle Spare parts,Closed,,,,,,,
PO001-1,03-JAN-2022,PEGASUS LTD,Georges Neeroo,"40, Ferney Way, Mission Road, Curepipe, Mauritius","461 5841, 5741254S",geonee@pegasus.mu,,Back lights,Received,"2,500",INV_PO001,28-FEB-2022,Paid,,25oo,Part payment for vehicle spare parts
PO001-2,03-JAN-2022,PEGASUS LTD,Georges Neeroo,"40, Ferney Way, Mission Road, Curepipe, Mauritius","461 5841, 5741254S",geonee@pegasus.mu,,Spark plug,Received,600,INV_PO001,28-FEB-2022,Paid,,600,Part payment for vehicle spare parts
PO002,10-JAN-2022,MOTTOWAY CORP.,Stevens Seernah,"B312, Cite la Cure, Jean XXIII Road, Port Louis, Mauritius",5794 2513,steseer@mottoway.com,750000,Purchase of Car,Open,,,,,,,
PO002-1,10-JAN-2022,MOTTOWAY CORP.,Stevens Seernah,"B312, Cite la Cure, Jean XXIII Road, Port Louis, Mauritius",5794 2513,steseer@mottoway.com,,Purchase of Car Model X,Received,10000o,INV_PO002.1,01-MAR-2022,Paid,,100000,Part payment for purchase of car
PO003,24-JAN-2022,DIGISAY CO. LTD.,Berry Parker,"68, Marock Lane, - , Vacoas, Mauritius","57841266, 602801o",bparker@intnet.mu,57300,Computer screens,Closed,,,,,,,
PO003-1,24-JAN-2022,DIGISAY CO. LTD.,Berry Parker,"68, Marock Lane, - , Vacoas, Mauritius","57841266, 6028010",bparker@intnet.mu,,"Screens 22""",Received,22000,INV_PO003.1,22-MAR-2022,Paid,,"22,000",Purchase of screens.
PO003-2,24-JAN-2022,DIGISAY CO. LTD.,Berry Parker,"68, Marock Lane, - , Vacoas, Mauritius","57841266, 602801o",bparker@intnet.mu,,"Screens 35""",Received,20300,INV_PO003.1,22-MAR-2022,Paid,,20300,Purchase of screens.
PO003-3,24-JAN-2022,DIGISAY CO. LTD.,Berry Parker,"68, Marock Lane, - , Vacoas, Mauritius","57841266, 6028010",bparker@intnet.mu,,"Screens 15""",Received,"S,000",INV_PO003.1,22-MAR-2022,Paid,,5000,Purchase of screens.
PO001-3,03-JAN-2022,PEGASUS LTD,Georges Neeroo,"40, Ferney Way, Mission Road, Curepipe, Mauritius","461 5841, 57412545",geonee@pegasus.mu,,Fuel filter,Received,2000,INV_PO001,28-FEB-2022,Paid,,"2,000",Part payment for vehicle spare parts
PO004,07-FEB-2022,LAMBONI STAT INC.,Frederic Pey,"9, Lamu Building, Stacy Street, Camp Hill, Pamplemousses",52557435.,manustat@gmail.com,6800,Purchase of Stationeries,Closed,,,,,,,
PO004-1,07-FEB-2022,LAMBONI STAT INC.,Frederic Pey,"9, Lamu Building, Stacy Street, Camp Hill, Pamplemousses",52557435.,manustat@gmail.com,"2,000",Pen Parker blue,Received,2000,INV_PO004,15-FEB-2022,Paid,,"2,000",Payment for pen
PO004-2,07-FEB-2022,LAMBONI STAT INC.,Frederic Pey,"9, Lamu Building, Stacy Street, Camp Hill, Pamplemousses",52557435.,manustat@gmail.com,"2,000",Pencil HB boxes,Received,I200,INV_PO004,15-FEB-2022,Paid,,I200,Payment for pencil
PO001-4,03-JAN-2022,PEGASUS LTD,Georges Neeroo,"40, Ferney Way, Mission Road, Curepipe, Mauritius","461 5841, 57412545",geonee@pegasus.mu,,Air filter,Received,800,INV_PO001,28-FEB-2022,Paid,,800,Part payment for vehicle spare parts
PO002-1,10-JAN-2022,MOTTOWAY CORP.,Stevens Seernah,"B312, Cite la Cure, Jean XXIII Road, Port Louis, Mauritius",5794 2513,steseer@mottoway.com,,Purchase of Car Model X,Received,"300,000",INV_PO002.2,02-MAY-2022,Paid,,"300,000",Part payment for purchase of car
PO005,07-APR-2022,EMTELLO LTD,Megan Hembly,"998, Bistrop Street, Marlone, Pamplemousses, Mauritius","2420641, 57841698.",mhem@my-t.mu,21000,International Magazines,Closed,,,,,,,
PO005-1,07-APR-2022,EMTELLO LTD,Megan Hembly,"998, Bistrop Street, Marlone, Pamplemousses, Mauritius","2420641, 57841698.",mhem@my-t.mu,,National geo nature,Received,"3,000",INV_PO005.1,18-MAY-2022,Pending,Damaged magazine,"3,000",
PO005-2,07-APR-2022,EMTELLO LTD,Megan Hembly,"998, Bistrop Street, Marlone, Pamplemousses, Mauritius","2420641, 57841698.",mhem@my-t.mu,,Science world,Received,5000,INV_PO005.1,18-MAY-2022,Paid,,5000,
PO003-4,24-JAN-2022,DIGISAY CO. LTD.,Berry Parker,"68, Marock Lane, - , Vacoas, Mauritius","57841266, 6028010",bparker@intnet.mu,,"Screens 35""",Received,"10,000",INV_PO003.2,15-MAY-2022,Paid,,"10,000",Final payment for purchase of screens.
PO002-1,10-JAN-2022,MOTTOWAY CORP.,Stevens Seernah,"B312, Cite la Cure, Jean XXIII Road, Port Louis, Mauritius",5794 2513,steseer@mottoway.com,,Purchase of Car Model X,Received,249000,INV_PO002.3,05-AUG-2022,Pending,,249000,Final payment for purchase of car
PO004-3,07-FEB-2022,LAMBONI STAT INC.,Frederic Pey,"9, Lamu Building, Stacy Street, Camp Hill, Pamplemousses",52557435.,manustat@gmail.com,3000,Paper reams,Received,"3,000",INV_PO004.1,20-MAR-2022,Paid,,3000,Paper reams.
PO004-4,07-FEB-2022,LAMBONI STAT INC.,Frederic Pey,"9, Lamu Building, Stacy Street, Camp Hill, Pamplemousses",52557435.,manustat@gmail.com,600,Clips boxes,Cancelled,600,,,,,,
PO005-3,07-APR-2022,EMTELLO LTD,Megan Hembly,"998, Bistrop Street, Marlone, Pamplemousses, Mauritius","2420641, 57841698.",mhem@my-t.mu,,Science world,Received,8000,INV_PO005.2,22-JUN-2022,Paid,,8000,
PO005-4,07-APR-2022,EMTELLO LTD,Megan Hembly,"998, Bistrop Street, Marlone, Pamplemousses, Mauritius","2420641, 57841698.",mhem@my-t.mu,,Discovery mag,Received,5000,INV_PO005.2,22-JUN-2022,Paid,,S000,
PO001-5,03-JAN-2022,PEGASUS LTD,Georges Neeroo,"40, Ferney Way, Mission Road, Curepipe, Mauritius","461 5841, 57412545",geonee@pegasus.mu,,Brake disc,Received,"3,000",INV_PO001.1,04-APR-2022,Paid,,3000,Final payment for vehicle spare parts
PO001-6,03-JAN-2022,PEGASUS LTD,Georges Neeroo,"40, Ferney Way, Mission Road, Curepipe, Mauritius","461 5841, 57412545",geonee@pegasus.mu,,Axle,Received,1100,INV_PO001.1,04-APR-2022,Paid,,1100,Final payment for vehicle spare parts
PO006,16-FEB-2022,STUFFIE STATIONERY,Zenhir Belall,"67, Bistro Route, Heneral Street, Vacaoas, Mauritius",6547416,info@sstat.com,250000,Stationery orders,Open,,,,,,,
PO006-1,16-FEB-2022,STUFFIE STATIONERY,Zenhir Belall,"67, Bistro Route, Heneral Street, Vacaoas, Mauritius",6547416,info@sstat.com,,Packet 1,Received,24300,INV_PO006.1,22-MAR-2022,Paid,,24300,First delivery
PO007,03-06-2022,SAFEDEST TAXI SERVICES,Steeve Narsimullu,"	-, Le clezio street, Barbley wood, Highlands, Mauritius","5874 1002, 217 4512",steeve.nar@safedest.mu,26700,Taxi services fees,Closed,,,,,,,
PO008,05-JUN-2022,JINFIX COMPUTERS,Jordan Liu Min,"93, Bardeau lane, - , Port Louis, Mauritius","58412556,2195412",contactus@jinfixcomputers.com,85200,Orders of computer spare parts,Open,,,,,,,
PO008-1,05-JUN-2022,JINFIX COMPUTERS,Jordan Liu Min,"93, Bardeau lane, - , Port Louis, Mauritius","58412556,2195412",contactus@jinfixcomputers.com,,10 HDDs 3TB,Received,3025o,INV_PO008.1,02-AUG-2022,Paid,,15250,Computer oders invoice - 1
PO008-2,05-JUN-2022,JINFIX COMPUTERS,Jordan Liu Min,"93, Bardeau lane, - , Port Louis, Mauritius","58412556,2195412",contactus@jinfixcomputers.com,,10 Motherboard Asus PRIME Z270-A,Received,48000,INV_PO008.1,02-AUG-2022,Paid,,25000,Computer oders invoice - 1
PO009,18-JUN-2022,FIRELAND BROS.,Amelia Bridney,"	-, Main court bldg, Nerling road, Moka, Mauritius",5948 0015,abridney@gmail.com,36800,Security vests,Open,,,,,,,
PO009-1,18-JUN-2022,FIRELAND BROS.,Amelia Bridney,"	-, Main court bldg, Nerling road, Moka, Mauritius",5948 0015,abridney@gmail.com,,Security vests for firewardens,Received,22500,INV_PO009.1,24-AUG-2022,Paid,,"22,500",Security vests
PO010,03-JUL-2022,FOXY ELECTRONICS,Reddy Floyd,"C47, Green Street, -, Savanne, Mauritius",5284 5412,foxyelec@yahoo.fr,"182,700",Electronic spare parts,Closed,,,,,,,
PO010-1,03-JUL-2022,FOXY ELECTRONICS,Reddy Floyd,"C47, Green Street, -, Savanne, Mauritius",5284 5412,foxyelec@yahoo.fr,,Electronic Component Lead 2000 Kgs,Received,98000,INV_PO010.1,15-AUG-2022,Paid,,"98,000",Electronic spare parts - Inv 1
PO010-1,03-JUL-2022,FOXY ELECTRONICS,Reddy Floyd,"C47, Green Street, -, Savanne, Mauritius",5284 5412,foxyelec@yahoo.fr,,Air Conditioner Fan Capacitor x 1000,Received,17500,INV_PO010.1,15-AUG-2022,Paid,,"17,500",Electronic spare parts - Inv 1
PO010-2,03-JUL-2022,FOXY ELECTRONICS,Reddy Floyd,"C47, Green Street, -, Savanne, Mauritius",5284 5412,foxyelec@yahoo.fr,,Aluminium LED PCB Assemblies x 100,Received,"28,000",INV_PO010.1,02-SEP-2022,Paid,,28000,Electronic spare parts - Inv 2
PO010-2,03-JUL-2022,FOXY ELECTRONICS,Reddy Floyd,"C47, Green Street, -, Savanne, Mauritius",5284 5412,foxyelec@yahoo.fr,,Starter capacitor x 2000,Received,18200,INV_PO010.1,02-09-2022,Paid,,18200,Electronic spare parts - Inv 2
PO010-3,03-07-2022,FOXY ELECTRONICS,Reddy Floyd,"C47, Green Street, -, Savanne, Mauritius",5284 5412,foxyelec@yahoo.fr,,Block connector universal x 200,Received,"2I,000",INV_PO010.1,15-AUG-2022,Paid,,21000,Electronic spare parts - Inv 1
PO011,06-07-2022,LAMBONI STAT INC.,Frederic Pey,"9, Lamu Building, Stacy Street, Camp Hill, Pamplemousses",52557435.,manustat@gmail.com,43200,Purchase of Stationeries,Closed,,,,,,,
PO011-1,06-JUL-2022,LAMBONI STAT INC.,Frederic Pey,"9, Lamu Building, Stacy Street, Camp Hill, Pamplemousses",52557435.,manustat@gmail.com,,Staplers Heavy duty x 10,Received,3200,INV_PO011.1,18-SEP-2022,Paid,,"3,200",Stationeries
PO008-1,05-JUN-2022,JINFIX COMPUTERS,Jordan Liu Min,"93, Bardeau lane, - , Port Louis, Mauritius","58412556,2195412",contactus@jinfixcomputers.com,,10 HDDs 3TB,Received,30250,INV_PO008.2,28-08-2022,Paid,,"15,000",Computer oders invoice - 2
PO008-2,05-JUN-2022,JINFIX COMPUTERS,Jordan Liu Min,"93, Bardeau lane, - , Port Louis, Mauritius","58412556,2195412",contactus@jinfixcomputers.com,,10 Motherboard Asus PRIME Z270-A,Received,48000,INV_PO008.2,28-AUG-2022,Paid,,23000,Computer oders invoice - 2
PO006-1,16-FEB-2022,STUFFIE STATIONERY,Zenhir Belall,"67, Bistro Route, Heneral Street, Vacaoas, Mauritius",6547416,info@sstat.com,,Packet 3,Received,"25,400",INV_PO006.3,21-MAY-2022,Paid,,"25,400",Third delivery
PO011-2,06-JUL-2022,LAMBONI STAT INC.,Frederic Pey,"9, Lamu Building, Stacy Street, Camp Hill, Pamplemousses",52557435.,manustat@gmail.com,,Organizers x 200,Received,40000,INV_PO011.1,18-SEP-2022,Paid,,40000,Stationeries
PO012,16-AUG-2022,PEGASUS LTD,Georges Neeroo,"40, Ferney Way, Mission Road, Curepipe, Mauritius","461 5841, 57412545",geonee@pegasus.mu,265000,Vehicle Spare parts,Open,,,,,,,
PO012-1,16-AUG-2022,PEGASUS LTD,Georges Neeroo,"40, Ferney Way, Mission Road, Curepipe, Mauritius","461 5841, 57412545",geonee@pegasus.mu,,Aluminium evaporator x 15,Received,"3,4S0",INV_PO012.1,07-AUG-2022,Paid,,"3,450",Vehicle spare parts - Part Pay 1
PO006-1,16-FEB-2022,STUFFIE STATIONERY,Zenhir Belall,"67, Bistro Route, Heneral Street, Vacaoas, Mauritius",6547416,info@sstat.com,,Packet 4,Received,50200,INV_PO006.4,17-06-2022,Paid,,50200,Fourth delivery
PO008-2,05-JUN-2022,JINFIX COMPUTERS,Jordan Liu Min,"93, Bardeau lane, - , Port Louis, Mauritius","58412556,2195412",contactus@jinfixcomputers.com,,Seagate Barracuda 2TB SATA Hard Drive,Received,"6,950",INV_PO008.2,28-AUG-2022,Paid,,"6,950",Vehicle spare parts - Part Pay 2
PO012-1,16-AUG-2022,PEGASUS LTD,Georges Neeroo,"40, Ferney Way, Mission Road, Curepipe, Mauritius","461 5841, 57412545",geonee@pegasus.mu,,Wheels and balancing,Received,40000,INV_PO012.2,04-09-2022,Paid,,40000,Vehicle spare parts - Part Pay 2
PO012-2,16-AUG-2022,PEGASUS LTD,Georges Neeroo,"40, Ferney Way, Mission Road, Curepipe, Mauritius","461 5841, 57412545",geonee@pegasus.mu,,Servicing of cars,Received,37800,INV_PO012.1,07-AUG-2022,Paid,,37800,Vehicle spare parts - Part Pay 1
PO012-2,16-AUG-2022,PEGASUS LTD,Georges Neeroo,"40, Ferney Way, Mission Road, Curepipe, Mauritius","461 5841, 57412545",geonee@pegasus.mu,,Dashboard for cards,Received,"12,500",INV_PO012.2,04-SEP-2022,Paid,,"12,500",Vehicle spare parts - Part Pay 2
PO012-2,16-AUG-2022,PEGASUS LTD,Georges Neeroo,"40, Ferney Way, Mission Road, Curepipe, Mauritius","461 5841, 57412545",geonee@pegasus.mu,,Rear door + repair,Received,28000,INV_PO012.3,29-SEP-2022,Paid,,28000,Vehicle spare parts - Part Pay 3
PO012-3,16-AUG-2022,PEGASUS LTD,Georges Neeroo,"40, Ferney Way, Mission Road, Curepipe, Mauritius","461 5841, 57412545",geonee@pegasus.mu,,High pressure fuel injector nozzle OEM x 10,Received,7250,INV_PO012.1,07-AUG-2022,Paid,,7250,Vehicle spare parts - Part Pay 1
PO012-4,16-AUG-2022,PEGASUS LTD,Georges Neeroo,"40, Ferney Way, Mission Road, Curepipe, Mauritius","461 5841, 57412545",geonee@pegasus.mu,,Air suspension compressor x 3,Received,"55,870",INV_PO012.2,04-SEP-2022,Paid,,"55,870",Vehicle spare parts - Part Pay 2
PO012-5,16-AUG-2022,PEGASUS LTD,Georges Neeroo,"40, Ferney Way, Mission Road, Curepipe, Mauritius","461 5841, 57412545",geonee@pegasus.mu,,Aluminium alloy set x 5,Received,43750,INV_PO012.3,29-SEP-2022,Paid,,43750,Vehicle spare parts - Part Pay 3
PO012-5,16-AUG-2022,PEGASUS LTD,Georges Neeroo,"40, Ferney Way, Mission Road, Curepipe, Mauritius","461 5841, 57412545",geonee@pegasus.mu,,Master brake x 12,Received,12600,INV_PO012.3,29-SEP-2022,Paid,,12600,Vehicle spare parts - Part Pay 3
PO006-1,16-02-2022,STUFFIE STATIONERY,Zenhir Belall,"67, Bistro Route, Heneral Street, Vacaoas, Mauritius",6547416,info@sstat.com,,Packet 5,Received,70800,INV_PO006.5,27-JUL-2022,Paid,,70800,Fifth delivery
PO013,20-AUG-2022,MOTTOWAY CORP.,Stevens Seernah,"B312, Cite la Cure, Jean XXIII Road, Port Louis, Mauritius",5794 2513,steseer@mottoway.com,"581,9625",Purchase of Cars,Closed,,,,,,,
PO013-1,20-08-2022,MOTTOWAY CORP.,Stevens Seernah,"B312, Cite la Cure, Jean XXIII Road, Port Louis, Mauritius",5794 2513,steseer@mottoway.com,,Audi Q5,Received,"145,2500",INV_PO013.1,28-SEP-2022,Paid,,"145,2500",Car purchase
PO013-2,20-AUG-2022,MOTTOWAY CORP.,Stevens Seernah,"B312, Cite la Cure, Jean XXIII Road, Port Louis, Mauritius",5794 2513,steseer@mottoway.com,,Audi Q7,Received,1974000,INV_PO013.1,28-09-2022,Paid,,1974000,Car purchase
PO013-3,20-AUG-2022,MOTTOWAY CORP.,Stevens Seernah,"B312, Cite la Cure, Jean XXIII Road, Port Louis, Mauritius",5794 2513,steseer@mottoway.com,,Chevrolet Equinox,Received,"130,2000",INV_PO013.1,28-SEP-2022,Paid,,"130,2000",Car purchase
PO013-4,20-AUG-2022,MOTTOWAY CORP.,Stevens Seernah,"B312, Cite la Cure, Jean XXIII Road, Port Louis, Mauritius",5794 2513,steseer@mottoway.com,,Hyundai Tucson,Received,1091125,INV_PO013.1,28-SEP-2022,Paid,,1091125,Car purchase
PO006-1,16-FEB-2022,STUFFIE STATIONERY,Zenhir Belall,"67, Bistro Route, Heneral Street, Vacaoas, Mauritius",6547416,info@sstat.com,,Packet 6,Received,"60,000",INV_PO006.6,16-08-2022,Paid,,"60,000",Sixth delivery
PO007-1,03-JUN-2022,SAFEDEST TAXI SERVICES,Steeve Narsimullu,"	-, Le clezio street, Barbley wood, Highlands, Mauritius","5874 1002, 2I7 4512",steeve.nar@safedest.mu,,Employee journey taxi service,Received,"4,500",INV_PO007.1,30-JUL-2022,Paid,,4500,Trip for Saunders
PO007-2,03-JUN-2022,SAFEDEST TAXI SERVICES,Steeve Narsimullu,"	-, Le clezio street, Barbley wood, Highlands, Mauritius","5874 1002, 2I7 4512",steeve.nar@safedest.mu,,Employee journey taxi service,Received,4200,INV_PO007.1,30-JUL-2022,Paid,,4200,Trip for Mike
PO007-3,03-JUN-2022,SAFEDEST TAXI SERVICES,Steeve Narsimullu,"	-, Le clezio street, Barbley wood, Highlands, Mauritius","5874 1002, 2I7 4512",steeve.nar@safedest.mu,,Employee journey taxi service,Cancelled,5200,,,,,,
PO007-4,03-JUN-2022,SAFEDEST TAXI SERVICES,Steeve Narsimullu,"	-, Le clezio street, Barbley wood, Highlands, Mauritius","5874 1002, 2I7 4512",steeve.nar@safedest.mu,,Employee journey taxi service,Received,"4,800",INV_PO007.1,30-JUL-2022,Paid,,4800,Trip for Shobnee
PO007-5,03-JUN-2022,SAFEDEST TAXI SERVICES,Steeve Narsimullu,"	-, Le clezio street, Barbley wood, Highlands, Mauritius","5874 1002, 2I7 4512",steeve.nar@safedest.mu,,Employee journey taxi service,Received,3700,INV_PO007.1,30-07-2022,Paid,,3700,Trip for Mikaen
PO006-1,16-FEB-2022,STUFFIE STATIONERY,Zenhir Belall,"67, Bistro Route, Heneral Street, Vacaoas, Mauritius",6547416,info@sstat.com,,Packet 2,Received,4300,INV_PO006.2,18-04-2022,Paid,,4300,Second delivery
PO014,15-SEP-2022,DIGISAY CO. LTD.,Berry Parker,"68, Marock Lane, - , Vacoas, Mauritius","57841266, 6028010",bparker@intnet.mu,"400,120",Purchases of Digital equipment,Open,,,,,,,
PO014-1,15-SEP-2022,DIGISAY CO. LTD.,Berry Parker,"68, Marock Lane, - , Vacoas, Mauritius","57841266, 6028010",bparker@intnet.mu,,2.5 EXTERNAL TOSHIBA 1TB HARD DISK USB 3.0 x 2,Received,"5,600",INV_PO014.1,03-OCT-2022,Paid,,"5,600",Invoice payment SN#001
PO014-2,15-09-2022,DIGISAY CO. LTD.,Berry Parker,"68, Marock Lane, - , Vacoas, Mauritius","57841266, 6028010",bparker@intnet.mu,,2.5 EXTERNAL TOSHIBA 2TB HARD DISK USB 3.0 x 3,Received,13250,INV_PO014.2,15-OCT-2022,Paid,,13250,Invoice payment SN#002
PO014-3,15-SEP-2022,DIGISAY CO. LTD.,Berry Parker,"68, Marock Lane, - , Vacoas, Mauritius","57841266, 6028010",bparker@intnet.mu,,NOTEBOOK SATA HDD - 500 GB x 5,Received,"10,000",INV_PO014.2,15-OCT-2022,Paid,,"10,000",Invoice payment SN#002
PO014-4,15-SEP-2022,DIGISAY CO. LTD.,Berry Parker,"68, Marock Lane, - , Vacoas, Mauritius","57841266, 6028010",bparker@intnet.mu,,3TB SATA HARD DISK x 4,Received,15900,INV_PO014.3,27-10-2022,Paid,,15900,Invoice payment SN#003
PO014-5,15-SEP-2022,DIGISAY CO. LTD.,Berry Parker,"68, Marock Lane, - , Vacoas, Mauritius","57841266, 6028010",bparker@intnet.mu,,WESTERN DIGITAL USB 3.0 EXTERNAL HARD DISK 3.5 4TB x 2,Received,13850,INV_PO014.4,05-NOV-2022,Pending,1 faulty HD to return before payment,13850,Invoice payment SN#004
PO014-1,15-SEP-2022,DIGISAY CO. LTD.,Berry Parker,"68, Marock Lane, - , Vacoas, Mauritius","57841266, 6028010",bparker@intnet.mu,,FAN UNIT x 20,Cancelled,800,,,,,,
PO014-1,15-SEP-2022,DIGISAY CO. LTD.,Berry Parker,"68, Marock Lane, - , Vacoas, Mauritius","57841266, 6028010",bparker@intnet.mu,,EPSON EB-S31 3LCD PROJECTOR x 3,Received,"54,850",INV_PO014.3,27-OCT-2022,Paid,,"54,850",Invoice payment SN#003
PO014-2,15-09-2022,DIGISAY CO. LTD.,Berry Parker,"68, Marock Lane, - , Vacoas, Mauritius","57841266, 6028010",bparker@intnet.mu,,VIEWSONIC PJD5155 PROJECTOR,Received,17300,INV_PO014.1,03-OCT-2022,Paid,,17300,Invoice payment SN#001
PO014-2,15-SEP-2022,DIGISAY CO. LTD.,Berry Parker,"68, Marock Lane, - , Vacoas, Mauritius","57841266, 6028010",bparker@intnet.mu,,COOLER MASTER SEIDON120V V3 PLUS WATER-COOLING KIT x 5,Received,13500,INV_PO014.1,03-OCT-2022,Paid,,13500,Invoice payment SN#001
PO014-3,15-SEP-2022,DIGISAY CO. LTD.,Berry Parker,"68, Marock Lane, - , Vacoas, Mauritius","57841266, 6028010",bparker@intnet.mu,,GENIUS MEDIA POINTER 900BT x 3,Received,4275,INV_PO014.1,03-OCT-2022,Paid,,4275,Invoice payment SN#001
PO014-3,15-SEP-2022,DIGISAY CO. LTD.,Berry Parker,"68, Marock Lane, - , Vacoas, Mauritius","57841266, 6028010",bparker@intnet.mu,,USB WIRELESS <<T>> LASER POINTER PRESENTER x 2,Received,900,INV_PO014.3,27-OCT-2022,Pending,Pointers not compatible with system,900,Invoice payment SN#003
PO014-3,15-SEP-2022,DIGISAY CO. LTD.,Berry Parker,"68, Marock Lane, - , Vacoas, Mauritius","57841266, 6028010",bparker@intnet.mu,,ASUS H110M-A (INTEL H110) DDR4 LGA1151 MATX x 4,Received,"17,600",INV_PO014.4,05-NOV-2022,Paid,,"17,600",Invoice payment SN#004
PO014-3,15-SEP-2022,DIGISAY CO. LTD.,Berry Parker,"68, Marock Lane, - , Vacoas, Mauritius","57841266, 6028010",bparker@intnet.mu,,ASUS B150M-K DDR4 (INTEL B150) LGA1151 MATX x 2,Received,11900,INV_PO014.4,05-11-2022,Paid,,11900,Invoice payment SN#004
PO014-4,15-SEP-2022,DIGISAY CO. LTD.,Berry Parker,"68, Marock Lane, - , Vacoas, Mauritius","57841266, 6028010",bparker@intnet.mu,,ASUS H81M-A (INTEL H81) LGA1150 MATX x 2,Received,7920,INV_PO014.1,03-OCT-2022,Paid,,7920,Invoice payment SN#001
PO014-4,15-SEP-2022,DIGISAY CO. LTD.,Berry Parker,"68, Marock Lane, - , Vacoas, Mauritius","57841266, 6028010",bparker@intnet.mu,,HP ADVANTAGE 4535 ALL-IN-ONE INKJET PRINTER,Received,3550,INV_PO014.2,15-OCT-2022,Pending,,3550,Invoice payment SN#002
PO014-4,15-SEP-2022,DIGISAY CO. LTD.,Berry Parker,"68, Marock Lane, - , Vacoas, Mauritius","57841266, 6028010",bparker@intnet.mu,,HP M277DW WIFI COLOUR LASERJET PRO MFP,Received,"15,200",INV_PO014.1,03-OCT-2022,Paid,,"15,200",Invoice payment SN#001
PO014-5,15-SEP-2022,DIGISAY CO. LTD.,Berry Parker,"68, Marock Lane, - , Vacoas, Mauritius","57841266, 6028010",bparker@intnet.mu,,HP OFFICEJET PRO 6830 E-ALL-IN-ONE PRINTER,Received,5300,INV_PO014.3,27-OCT-2022,Paid,,5300,Invoice payment SN#003
PO014-5,15-SEP-2022,DIGISAY CO. LTD.,Berry Parker,"68, Marock Lane, - , Vacoas, Mauritius","57841266, 6028010",bparker@intnet.mu,,EPSON LQ310 DOT MATRIX PRINTER,Received,12125,INV_PO014.3,27-OCT-2022,Paid,,12125,Invoice payment SN#003
PO014-5,15-SEP-2022,DIGISAY CO. LTD.,Berry Parker,"68, Marock Lane, - , Vacoas, Mauritius","57841266, 6028010",bparker@intnet.mu,,LENOVO B50-30 x 5,Received,72500,INV_PO014.1,03-OCT-2022,Pending,,72500,Invoice payment SN#001
PO014-5,15-09-2022,DIGISAY CO. LTD.,Berry Parker,"68, Marock Lane, - , Vacoas, Mauritius","57841266, 6028010",bparker@intnet.mu,,DELL N3543 CORE i5 x 3,Cancelled,"103,800",,,,,,
