ORDER_ID,ORDER_REF,ORDER_DATE,SUPPLIER_ID,ORDER_TOTAL_AMOUNT,ORDER_DESCRIPTION,ORDER_STATUS
ORD000001,PO001,01/03/2022,SUP000003,10000,Vehicle Spare parts,Closed
ORD000002,PO002,01/10/2022,SUP000001,750000,Purchase of Car,Open
ORD000003,PO003,01/24/2022,SUP000008,57300,Computer screens,Closed
ORD000004,PO004,02/07/2022,SUP000006,6800,Purchase of Stationeries,Closed
ORD000005,PO005,04/07/2022,SUP000007,21000,International Magazines,Closed
ORD000006,PO006,02/16/2022,SUP000004,250000,Stationery orders,Open
ORD000007,PO007,06/03/2022,SUP000010,26700,Taxi services fees,Closed
ORD000008,PO008,06/05/2022,SUP000005,85200,Orders of computer spare parts,Open
ORD000009,PO009,06/18/2022,SUP000009,36800,Security vests,Open
ORD000010,PO010,07/03/2022,SUP000002,182700,Electronic spare parts,Closed
ORD000011,PO011,07/06/2022,SUP000006,43200,Purchase of Stationeries,Closed
ORD000012,PO012,08/16/2022,SUP000003,265000,Vehicle Spare parts,Open
ORD000013,PO013,08/20/2022,SUP000001,5819625,Purchase of Cars,Closed
ORD000014,PO014,09/15/2022,SUP000008,400120,Purchases of Digital equipment,Open
