SUPPLIER_CONTACT_ID,SUPPLIER_ID,SUPP_CONTACT_NAME,SUPP_CONTACT_NUMBER1,SUPP_CONTACT_NUMBER2,SUPP_EMAIL
CON000001,SUP000006,Frederic Pey,52557435,,manustat@gmail.com
CON000002,SUP000003,Georges Neeroo,4615841,57412545,geonee@pegasus.mu
CON000003,SUP000004,Zenhir Belall,6547416,,info@sstat.com
CON000004,SUP000001,Stevens Seernah,57942513,,steseer@mottoway.com
CON000005,SUP000005,Jordan Liu Min,58412556,2195412,contactus@jinfixcomputers.com
CON000006,SUP000009,Amelia Bridney,59480015,,abridney@gmail.com
CON000007,SUP000008,Berry Parker,57841266,6028010,bparker@intnet.mu
CON000008,SUP000007,Megan Hembly,2420641,57841698,mhem@my-t.mu
CON000009,SUP000010,Steeve Narsimullu,58741002,2174512,steeve.nar@safedest.mu
CON000010,SUP000002,Reddy Floyd,52845412,,foxyelec@yahoo.fr
