ORDER_LINE_ID,ORDER_ID,ORDER_LINE_NUM,ORDER_LINE_DESCRIPTION,ORDER_LINE_AMOUNT,ORDER_LINE_STATUS,ORDER_DATE
OLN000001,ORD000001,1,Back lights,2500,Received,01/03/2022
OLN000002,ORD000001,2,Spark plug,600,Received,01/03/2022
OLN000003,ORD000001,3,Fuel filter,2000,Received,01/03/2022
OLN000004,ORD000001,4,Air filter,800,Received,01/03/2022
OLN000005,ORD000001,5,Brake disc,3000,Received,01/03/2022
OLN000006,ORD000001,6,Axle,1100,Received,01/03/2022
OLN000007,ORD000002,1,Purchase of Car Model X,100000,Received,01/10/2022
OLN000008,ORD000002,2,Purchase of Car Model X,249000,Received,01/10/2022
OLN000009,ORD000002,3,Purchase of Car Model X,300000,Received,01/10/2022
OLN000010,ORD000003,1,"Screens 22""",22000,Received,01/24/2022
OLN000011,ORD000003,2,"Screens 35""",20300,Received,01/24/2022
OLN000012,ORD000003,3,"Screens 15""",5000,Received,01/24/2022
OLN000013,ORD000003,4,"Screens 35""",10000,Received,01/24/2022
OLN000014,ORD000004,1,Pen Parker blue,2000,Received,02/07/2022
OLN000015,ORD000004,2,Pencil HB boxes,1200,Received,02/07/2022
OLN000016,ORD000004,3,Paper reams,3000,Received,02/07/2022
OLN000017,ORD000004,4,Clips boxes,600,Cancelled,02/07/2022
OLN000018,ORD000005,1,National geo nature,3000,Received,04/07/2022
OLN000019,ORD000005,2,Science world,5000,Received,04/07/2022
OLN000020,ORD000005,3,Science world,8000,Received,04/07/2022
OLN000021,ORD000005,4,Discovery mag,5000,Received,04/07/2022
OLN000022,ORD000006,1,Packet 1,24300,Received,02/16/2022
OLN000023,ORD000006,2,Packet 3,25400,Received,02/16/2022
OLN000024,ORD000006,3,Packet 2,4300,Received,02/16/2022
OLN000025,ORD000006,4,Packet 5,70800,Received,02/16/2022
OLN000026,ORD000006,5,Packet 6,60000,Received,02/16/2022
OLN000027,ORD000006,6,Packet 4,50200,Received,02/16/2022
OLN000028,ORD000007,1,Employee journey taxi service,4500,Received,06/03/2022
OLN000029,ORD000007,2,Employee journey taxi service,4200,Received,06/03/2022
OLN000030,ORD000007,3,Employee journey taxi service,5200,Cancelled,06/03/2022
OLN000031,ORD000007,4,Employee journey taxi service,4800,Received,06/03/2022
OLN000032,ORD000007,5,Employee journey taxi service,3700,Received,06/03/2022
OLN000033,ORD000008,1,10 HDDs 3TB,30250,Received,06/05/2022
OLN000034,ORD000008,2,10 HDDs 3TB,30250,Received,06/05/2022
OLN000035,ORD000008,3,Seagate Barracuda 2TB SATA Hard Drive,6950,Received,06/05/2022
OLN000036,ORD000008,4,10 Motherboard Asus PRIME Z270-A,48000,Received,06/05/2022
OLN000037,ORD000008,5,10 Motherboard Asus PRIME Z270-A,48000,Received,06/05/2022
OLN000038,ORD000009,1,Security vests for firewardens,22500,Received,06/18/2022
OLN000039,ORD000010,1,Electronic Component Lead 2000 Kgs,98000,Received,07/03/2022
OLN000040,ORD000010,2,Air Conditioner Fan Capacitor x 1000,17500,Received,07/03/2022
OLN000041,ORD000010,3,Aluminium LED PCB Assemblies x 100,28000,Received,07/03/2022
OLN000042,ORD000010,4,Starter capacitor x 2000,18200,Received,07/03/2022
OLN000043,ORD000010,5,Block connector universal x 200,21000,Received,07/03/2022
OLN000044,ORD000011,1,Staplers Heavy duty x 10,3200,Received,07/06/2022
OLN000045,ORD000011,2,Organizers x 200,40000,Received,07/06/2022
OLN000046,ORD000012,1,Wheels and balancing,40000,Received,08/16/2022
OLN000047,ORD000012,2,Aluminium evaporator x 15,3450,Received,08/16/2022
OLN000048,ORD000012,3,Dashboard for cards,12500,Received,08/16/2022
OLN000049,ORD000012,4,Servicing of cars,37800,Received,08/16/2022
OLN000050,ORD000012,5,Rear door + repair,28000,Received,08/16/2022
OLN000051,ORD000012,6,High pressure fuel injector nozzle OEM x 10,7250,Received,08/16/2022
OLN000052,ORD000012,7,Air suspension compressor x 3,55870,Received,08/16/2022
OLN000053,ORD000012,8,Aluminium alloy set x 5,43750,Received,08/16/2022
OLN000054,ORD000012,9,Master brake x 12,12600,Received,08/16/2022
OLN000055,ORD000013,1,Audi Q5,1452500,Received,08/20/2022
OLN000056,ORD000013,2,Audi Q7,1974000,Received,08/20/2022
OLN000057,ORD000013,3,Chevrolet Equinox,1302000,Received,08/20/2022
OLN000058,ORD000013,4,Hyundai Tucson,1091125,Received,08/20/2022
OLN000059,ORD000014,1,EPSON EB-S31 3LCD PROJECTOR x 3,54850,Received,09/15/2022
OLN000060,ORD000014,2,2.5 EXTERNAL TOSHIBA 1TB HARD DISK USB 3.0 x 2,5600,Received,09/15/2022
OLN000061,ORD000014,3,FAN UNIT x 20,800,Cancelled,09/15/2022
OLN000062,ORD000014,4,2.5 EXTERNAL TOSHIBA 2TB HARD DISK USB 3.0 x 3,13250,Received,09/15/2022
OLN000063,ORD000014,5,COOLER MASTER SEIDON120V V3 PLUS WATER-COOLING KIT x 5,13500,Received,09/15/2022
OLN000064,ORD000014,6,VIEWSONIC PJD5155 PROJECTOR,17300,Received,09/15/2022
OLN000065,ORD000014,7,NOTEBOOK SATA HDD - 500 GB x 5,10000,Received,09/15/2022
OLN000066,ORD000014,8,GENIUS MEDIA POINTER 900BT x 3,4275,Received,09/15/2022
OLN000067,ORD000014,9,ASUS B150M-K DDR4 (INTEL B150) LGA1151 MATX x 2,11900,Received,09/15/2022
OLN000068,ORD000014,10,ASUS H110M-A (INTEL H110) DDR4 LGA1151 MATX x 4,17600,Received,09/15/2022
OLN000069,ORD000014,11,USB WIRELESS <<T>> LASER POINTER PRESENTER x 2,900,Received,09/15/2022
OLN000070,ORD000014,12,HP M277DW WIFI COLOUR LASERJET PRO MFP,15200,Received,09/15/2022
OLN000071,ORD000014,13,3TB SATA HARD DISK x 4,15900,Received,09/15/2022
OLN000072,ORD000014,14,HP ADVANTAGE 4535 ALL-IN-ONE INKJET PRINTER,3550,Received,09/15/2022
OLN000073,ORD000014,15,ASUS H81M-A (INTEL H81) LGA1150 MATX x 2,7920,Received,09/15/2022
OLN000074,ORD000014,16,WESTERN DIGITAL USB 3.0 EXTERNAL HARD DISK 3.5 4TB x 2,13850,Received,09/15/2022
OLN000075,ORD000014,17,DELL N3543 CORE i5 x 3,103800,Cancelled,09/15/2022
OLN000076,ORD000014,18,HP OFFICEJET PRO 6830 E-ALL-IN-ONE PRINTER,5300,Received,09/15/2022
OLN000077,ORD000014,19,LENOVO B50-30 x 5,72500,Received,09/15/2022
OLN000078,ORD000014,20,EPSON LQ310 DOT MATRIX PRINTER,12125,Received,09/15/2022
