INVOICE_LINE_ID,INVOICE_ID,INVOICE_LINE_NUMBER,INVOICE_DESCRIPTION,INVOICE_LINE_STATUS,INVOICE_AMOUNT,ORDER_LINE_ID,INVOICE_LINE_DATE
ILN000001,INV000001,1,Part payment for vehicle spare parts,Paid,2500,OLN000001,02/28/2022
ILN000002,INV000001,2,Part payment for vehicle spare parts,Paid,600,OLN000002,02/28/2022
ILN000003,INV000001,3,Part payment for vehicle spare parts,Paid,2000,OLN000003,02/28/2022
ILN000004,INV000001,4,Part payment for vehicle spare parts,Paid,800,OLN000004,02/28/2022
ILN000005,INV000001,5,Final payment for vehicle spare parts,Paid,3000,OLN000005,04/04/2022
ILN000006,INV000001,6,Final payment for vehicle spare parts,Paid,1100,OLN000006,04/04/2022
ILN000007,INV000002,1,Part payment for purchase of car,Paid,100000,OLN000007,03/01/2022
ILN000008,INV000002,2,Final payment for purchase of car,Pending,249000,OLN000008,08/05/2022
ILN000009,INV000002,3,Part payment for purchase of car,Paid,300000,OLN000009,05/02/2022
ILN000010,INV000003,1,Purchase of screens.,Paid,22000,OLN000010,03/22/2022
ILN000011,INV000003,2,Purchase of screens.,Paid,20300,OLN000011,03/22/2022
ILN000012,INV000003,3,Purchase of screens.,Paid,5000,OLN000012,03/22/2022
ILN000013,INV000003,4,Final payment for purchase of screens.,Paid,10000,OLN000013,05/15/2022
ILN000014,INV000004,1,Payment for pen,Paid,2000,OLN000014,02/15/2022
ILN000015,INV000004,2,Payment for pencil,Paid,1200,OLN000015,02/15/2022
ILN000016,INV000004,3,Paper reams.,Paid,3000,OLN000016,03/20/2022
ILN000017,INV000005,1,,Pending,3000,OLN000018,05/18/2022
ILN000018,INV000005,2,,Paid,5000,OLN000019,05/18/2022
ILN000019,INV000005,3,,Paid,8000,OLN000020,06/22/2022
ILN000020,INV000005,4,,Paid,5000,OLN000021,06/22/2022
ILN000021,INV000006,1,First delivery,Paid,24300,OLN000022,03/22/2022
ILN000022,INV000006,2,Third delivery,Paid,25400,OLN000023,05/21/2022
ILN000023,INV000006,3,Second delivery,Paid,4300,OLN000024,04/18/2022
ILN000024,INV000006,4,Fifth delivery,Paid,70800,OLN000025,07/27/2022
ILN000025,INV000006,5,Sixth delivery,Paid,60000,OLN000026,08/16/2022
ILN000026,INV000006,6,Fourth delivery,Paid,50200,OLN000027,06/17/2022
ILN000027,INV000007,1,Trip for Saunders,Paid,4500,OLN000028,07/30/2022
ILN000028,INV000007,2,Trip for Mike,Paid,4200,OLN000029,07/30/2022
ILN000029,INV000007,3,Trip for Shobnee,Paid,4800,OLN000031,07/30/2022
ILN000030,INV000007,4,Trip for Mikaen,Paid,3700,OLN000032,07/30/2022
ILN000031,INV000008,1,Computer oders invoice - 1,Paid,15250,OLN000033,08/02/2022
ILN000032,INV000008,2,Computer oders invoice - 2,Paid,15000,OLN000034,08/28/2022
ILN000033,INV000008,3,Vehicle spare parts - Part Pay 2,Paid,6950,OLN000035,08/28/2022
ILN000034,INV000008,4,Computer oders invoice - 2,Paid,23000,OLN000036,08/28/2022
ILN000035,INV000008,5,Computer oders invoice - 1,Paid,25000,OLN000037,08/02/2022
ILN000036,INV000009,1,Security vests,Paid,22500,OLN000038,08/24/2022
ILN000037,INV000010,1,Electronic spare parts - Inv 1,Paid,98000,OLN000039,08/15/2022
ILN000038,INV000010,2,Electronic spare parts - Inv 1,Paid,17500,OLN000040,08/15/2022
ILN000039,INV000010,3,Electronic spare parts - Inv 2,Paid,28000,OLN000041,09/02/2022
ILN000040,INV000010,4,Electronic spare parts - Inv 2,Paid,18200,OLN000042,09/02/2022
ILN000041,INV000010,5,Electronic spare parts - Inv 1,Paid,21000,OLN000043,08/15/2022
ILN000042,INV000011,1,Stationeries,Paid,3200,OLN000044,09/18/2022
ILN000043,INV000011,2,Stationeries,Paid,40000,OLN000045,09/18/2022
ILN000044,INV000012,1,Vehicle spare parts - Part Pay 2,Paid,40000,OLN000046,09/04/2022
ILN000045,INV000012,2,Vehicle spare parts - Part Pay 1,Paid,3450,OLN000047,08/07/2022
ILN000046,INV000012,3,Vehicle spare parts - Part Pay 2,Paid,12500,OLN000048,09/04/2022
ILN000047,INV000012,4,Vehicle spare parts - Part Pay 1,Paid,37800,OLN000049,08/07/2022
ILN000048,INV000012,5,Vehicle spare parts - Part Pay 3,Paid,28000,OLN000050,09/29/2022
ILN000049,INV000012,6,Vehicle spare parts - Part Pay 1,Paid,7250,OLN000051,08/07/2022
ILN000050,INV000012,7,Vehicle spare parts - Part Pay 2,Paid,55870,OLN000052,09/04/2022
ILN000051,INV000012,8,Vehicle spare parts - Part Pay 3,Paid,43750,OLN000053,09/29/2022
ILN000052,INV000012,9,Vehicle spare parts - Part Pay 3,Paid,12600,OLN000054,09/29/2022
ILN000053,INV000013,1,Car purchase,Paid,1452500,OLN000055,09/28/2022
ILN000054,INV000013,2,Car purchase,Paid,1974000,OLN000056,09/28/2022
ILN000055,INV000013,3,Car purchase,Paid,1302000,OLN000057,09/28/2022
ILN000056,INV000013,4,Car purchase,Paid,1091125,OLN000058,09/28/2022
ILN000057,INV000014,1,Invoice payment SN#003,Paid,54850,OLN000059,10/27/2022
ILN000058,INV000014,10,Invoice payment SN#001,Pending,72500,OLN000077,10/03/2022
ILN000059,INV000014,11,Invoice payment SN#001,Paid,5600,OLN000060,10/03/2022
ILN000060,INV000014,12,Invoice payment SN#003,Paid,12125,OLN000078,10/27/2022
ILN000061,INV000014,13,Invoice payment SN#002,Paid,13250,OLN000062,10/15/2022
ILN000062,INV000014,14,Invoice payment SN#001,Paid,13500,OLN000063,10/03/2022
ILN000063,INV000014,15,Invoice payment SN#001,Paid,17300,OLN000064,10/03/2022
ILN000064,INV000014,16,Invoice payment SN#002,Paid,10000,OLN000065,10/15/2022
ILN000065,INV000014,17,Invoice payment SN#001,Paid,4275,OLN000066,10/03/2022
ILN000066,INV000014,18,Invoice payment SN#004,Paid,11900,OLN000067,11/05/2022
ILN000067,INV000014,2,Invoice payment SN#004,Paid,17600,OLN000068,11/05/2022
ILN000068,INV000014,3,Invoice payment SN#003,Pending,900,OLN000069,10/27/2022
ILN000069,INV000014,4,Invoice payment SN#001,Paid,15200,OLN000070,10/03/2022
ILN000070,INV000014,5,Invoice payment SN#003,Paid,15900,OLN000071,10/27/2022
ILN000071,INV000014,6,Invoice payment SN#002,Pending,3550,OLN000072,10/15/2022
ILN000072,INV000014,7,Invoice payment SN#001,Paid,7920,OLN000073,10/03/2022
ILN000073,INV000014,8,Invoice payment SN#004,Pending,13850,OLN000074,11/05/2022
ILN000074,INV000014,9,Invoice payment SN#003,Paid,5300,OLN000076,10/27/2022
