INVOICE_ID,INVOICE_REFERENCE,INVOICE_DATE,INVOICE_STATUS,SUPPLIER_ID,ORDER_ID,INVOICE_AMOUNT
INV000001,INV_PO001,02/28/2022,Paid,SUP000003,ORD000001,10000
INV000002,INV_PO002,03/01/2022,Partially Paid,SUP000001,ORD000002,649000
INV000003,INV_PO003,03/22/2022,Paid,SUP000008,ORD000003,57300
INV000004,INV_PO004,02/15/2022,Paid,SUP000006,ORD000004,6200
INV000005,INV_PO005,05/18/2022,Partially Paid,SUP000007,ORD000005,21000
INV000006,INV_PO006,03/22/2022,Paid,SUP000004,ORD000006,235000
INV000007,INV_PO007,07/30/2022,Paid,SUP000010,ORD000007,17200
INV000008,INV_PO008,08/02/2022,Paid,SUP000005,ORD000008,85200
INV000009,INV_PO009,08/24/2022,Paid,SUP000009,ORD000009,22500
INV000010,INV_PO010,08/15/2022,Paid,SUP000002,ORD000010,182700
INV000011,INV_PO011,09/18/2022,Paid,SUP000006,ORD000011,43200
INV000012,INV_PO012,08/07/2022,Paid,SUP000003,ORD000012,241220
INV000013,INV_PO013,09/28/2022,Paid,SUP000001,ORD000013,5819625
INV000014,INV_PO014,10/03/2022,Partially Paid,SUP000008,ORD000014,295520
