SUPPLIER_ADDRESS_ID,SUPPLIER_ID,SUPP_ADDRESS_LINE1,SUPP_ADDRESS_LINE2,SUPP_ADDRESS_LINE3,CITY,COUNTRY
ADD000001,SUP000001,B312,Cite la Cure,Jean XXIII Road,Port Louis,Mauritius
ADD000002,SUP000009,-,Main court bldg,Nerling road,Moka,Mauritius
ADD000003,SUP000008,68,Marock Lane,-,Vacoas,Mauritius
ADD000004,SUP000006,9,Lamu Building,Stacy Street,Camp Hill,Pamplemousses
ADD000005,SUP000005,93,Bardeau lane,-,Port Louis,Mauritius
ADD000006,SUP000003,40,Ferney Way,Mission Road,Curepipe,Mauritius
ADD000007,SUP000010,-,Le clezio street,Barbley wood,Highlands,Mauritius
ADD000008,SUP000002,C47,Green Street,-,Savanne,Mauritius
ADD000009,SUP000007,998,Bistrop Street,Marlone,Pamplemousses,Mauritius
ADD000010,SUP000004,67,Bistro Route,Heneral Street,Vacaoas,Mauritius
